CUM,BALDWIN
CUM,BRIDGTON
CUM,BRUNSWICK
CUM,"CAPE ELIZABETH"
CUM,CASCO
CUM,CUMBERLAND
CUM,FALMOUTH
CUM,FREEPORT
CUM,"FRYE ISLAND"
CUM,GORHAM
CUM,GRAY
CUM,HARPSWELL
CUM,HARRISON
CUM,"LONG ISLAND"
CUM,NAPLES
CUM,"NEW GLOUCESTER"
CUM,"NORTH YARMOUTH"
CUM,PORTLAND
CUM,POWNAL
CUM,RAYMOND
CUM,SCARBOROUGH
CUM,SEBAGO
CUM,"SOUTH PORTLAND"
CUM,STANDISH
CUM,WESTBROOK
CUM,WINDHAM
CUM,YARMOUTH
KEN,ALBION
KEN,AUGUSTA
KEN,BELGRADE
KEN,CHELSEA
KEN,CHINA
KEN,FARMINGDALE
KEN,GARDINER
KEN,HALLOWELL
KEN,MANCHESTER
KEN,MONMOUTH
KEN,"MOUNT VERNON"
KEN,PITTSTON
KEN,RANDOLPH
KEN,READFIELD
KEN,ROME
KEN,SIDNEY
KEN,VASSALBORO
KEN,VIENNA
KEN,"WEST GARDINER"
KEN,WINDSOR
KEN,WINTHROP
KNO,APPLETON
KNO,CAMDEN
KNO,CUSHING
KNO,FRIENDSHIP
KNO,HOPE
KNO,"ISLE AU HAUT"
KNO,"MATINICUS ISLE PLT."
KNO,"NORTH HAVEN"
KNO,"OWLS HEAD"
KNO,ROCKLAND
KNO,ROCKPORT
KNO,"SOUTH THOMASTON"
KNO,"ST. GEORGE"
KNO,THOMASTON
KNO,UNION
KNO,VINALHAVEN
KNO,WARREN
KNO,WASHINGTON
LIN,ALNA
LIN,"BOOTHBAY HARBOR"
LIN,BOOTHBAY
LIN,BREMEN
LIN,BRISTOL
LIN,DAMARISCOTTA
LIN,DRESDEN
LIN,EDGECOMB
LIN,JEFFERSON
LIN,"MONHEGAN PLT."
LIN,NEWCASTLE
LIN,NOBLEBORO
LIN,SOMERVILLE
LIN,"SOUTH BRISTOL"
LIN,SOUTHPORT
LIN,WALDOBORO
LIN,"WESTPORT"
LIN,WHITEFIELD
LIN,WISCASSET
SAG,ARROWSIC
SAG,BATH
SAG,BOWDOIN
SAG,BOWDOINHAM
SAG,GEORGETOWN
SAG,PHIPPSBURG
SAG,RICHMOND
SAG,TOPSHAM
SAG,"WEST BATH"
SAG,WOOLWICH
YOR,ACTON
YOR,ALFRED
YOR,ARUNDEL
YOR,BERWICK
YOR,BIDDEFORD
YOR,BUXTON
YOR,CORNISH
YOR,DAYTON
YOR,ELIOT
YOR,HOLLIS
YOR,KENNEBUNK
YOR,KENNEBUNKPORT
YOR,KITTERY
YOR,LEBANON
YOR,LIMERICK
YOR,LIMINGTON
YOR,LYMAN
YOR,NEWFIELD
YOR,"NORTH BERWICK"
YOR,OGUNQUIT
YOR,"OLD ORCHRD BCH"
YOR,PARSONSFIELD
YOR,SACO
YOR,SANFORD
YOR,SHAPLEIGH
YOR,"SOUTH BERWICK"
YOR,WATERBORO
YOR,WELLS
YOR,YORK
AND,AUBURN
AND,DURHAM
AND,GREENE
AND,LEEDS
AND,LEWISTON
AND,LISBON
AND,"LIVERMORE FALLS"
AND,LIVERMORE
AND,"MECHANIC FALLS"
AND,MINOT
AND,POLAND
AND,SABATTUS
AND,TURNER
AND,WALES
ARO,ALLAGASH
ARO,AMITY
ARO,ASHLAND
ARO,BANCROFT
ARO,"BENEDICTA TWP."
ARO,BLAINE
ARO,BRIDGEWATER
ARO,CARIBOU
ARO,"CARY PLT."
ARO,"CASTLE HILL"
ARO,CASWELL
ARO,CHAPMAN
ARO,"CONNOR TWP."
ARO,"T17 R5 TWP (GRT/CROSSLK)"
ARO,CRYSTAL
ARO,"CYR PLT."
ARO,"DYER BROOK"
ARO,"EAGLE LAKE"
ARO,EASTON
ARO,"FORT FAIRFIELD"
ARO,"FORT KENT"
ARO,FRENCHVILLE
ARO,"GARFIELD PLT."
ARO,"GLENWOOD PLT."
ARO,"GRAND ISLE"
ARO,HAMLIN
ARO,HAMMOND
ARO,HAYNESVILLE
ARO,HERSEY
ARO,HODGDON
ARO,HOULTON
ARO,"ISLAND FALLS"
ARO,LIMESTONE
ARO,LINNEUS
ARO,LITTLETON
ARO,LUDLOW
ARO,"MACWAHOC PLT."
ARO,"MADAWASKA LAKE TWP."
ARO,MADAWASKA
ARO,MAPLETON
ARO,"MARS HILL"
ARO,MASARDIS
ARO,MERRILL
ARO,MONTICELLO
ARO,"MORO PLT."
ARO,"NASHVILLE PLT."
ARO,"NEW CANADA"
ARO,"NEW LIMERICK"
ARO,"NEW SWEDEN"
ARO,OAKFIELD
ARO,ORIENT
ARO,"OXBOW PLT."
ARO,PERHAM
ARO,"PORTAGE LAKE"
ARO,"PRESQUE ISLE"
ARO,"REED PLT."
ARO,"SAINT AGATHA"
ARO,SHERMAN
ARO,"SINCLAIR TWP"
ARO,SMYRNA
ARO,"ST. FRANCIS"
ARO,"ST. JOHN PLT."
ARO,STOCKHOLM
ARO,"VAN BUREN"
ARO,WADE
ARO,WALLAGRASS
ARO,WASHBURN
ARO,WESTFIELD
ARO,WESTMANLAND
ARO,WESTON
ARO,"WINTERVILLE PLT."
ARO,WOODLAND
FRA,AVON
FRA,"CARRABASSETT VALLEY"
FRA,CARTHAGE
FRA,CHESTERVILLE
FRA,"COPLIN PLT."
FRA,"DALLAS PLT."
FRA,EUSTIS
FRA,FARMINGTON
FRA,"FREEMAN TWP"
FRA,INDUSTRY
FRA,JAY
FRA,KINGFIELD
FRA,"MADRID TWP"
FRA,"NEW SHARON"
FRA,"NEW VINEYARD"
FRA,"PERKINS TWP."
FRA,PHILLIPS
FRA,"RANGELEY PLT."
FRA,RANGELEY
FRA,"SANDY RIVER PLT."
FRA,STRONG
FRA,TEMPLE
FRA,WELD
FRA,WILTON
HAN,AMHERST
HAN,AURORA
HAN,"BAR HARBOR"
HAN,"BLUE HILL"
HAN,BROOKLIN
HAN,BROOKSVILLE
HAN,BUCKSPORT
HAN,CASTINE
HAN,"CRANBERRY ISLES"
HAN,DEDHAM
HAN,"DEER ISLE"
HAN,"DTT9 T10 TWP"
HAN,EASTBROOK
HAN,ELLSWORTH
HAN,FRANKLIN
HAN,FRENCHBORO
HAN,GOULDSBORO
HAN,"GREAT POND"
HAN,HANCOCK
HAN,LAMOINE
HAN,MARIAVILLE
HAN,"MOUNT DESERT"
HAN,"TOWNSHIP 8, S.D."
HAN,ORLAND
HAN,OSBORN
HAN,OTIS
HAN,PENOBSCOT
HAN,SEDGWICK
HAN,SORRENTO
HAN,"SOUTHWEST HARBOR"
HAN,STONINGTON
HAN,SULLIVAN
HAN,SURRY
HAN,"SWAN'S ISLAND"
HAN,"T3 ND TWP"
HAN,TREMONT
HAN,TRENTON
HAN,"VERONA"
HAN,WALTHAM
HAN,"WINTER HARBOR"
KEN,BENTON
KEN,CLINTON
KEN,FAYETTE
KEN,LITCHFIELD
KEN,OAKLAND
KEN,WATERVILLE
KEN,WAYNE
KEN,WINSLOW
OXF,"ALBANY TWP."
OXF,ANDOVER
OXF,BETHEL
OXF,BROWNFIELD
OXF,BUCKFIELD
OXF,BYRON
OXF,CANTON
OXF,DENMARK
OXF,DIXFIELD
OXF,FRYEBURG
OXF,GILEAD
OXF,GREENWOOD
OXF,HANOVER
OXF,HARTFORD
OXF,HEBRON
OXF,HIRAM
OXF,"LINCOLN PLT."
OXF,LOVELL
OXF,"MAGALLOWAY PLT."
OXF,MEXICO
OXF,"MILTON TWP."
OXF,NEWRY
OXF,NORWAY
OXF,OTISFIELD
OXF,OXFORD
OXF,PARIS
OXF,PERU
OXF,PORTER
OXF,ROXBURY
OXF,RUMFORD
OXF,STONEHAM
OXF,STOW
OXF,SUMNER
OXF,SWEDEN
OXF,UPTON
OXF,WATERFORD
OXF,"WEST PARIS"
OXF,WOODSTOCK
PEN,ALTON
PEN,BANGOR
PEN,BRADFORD
PEN,BRADLEY
PEN,BREWER
PEN,BURLINGTON
PEN,CARMEL
PEN,"CARROLL PLT."
PEN,CHARLESTON
PEN,CHESTER
PEN,CLIFTON
PEN,CORINNA
PEN,CORINTH
PEN,DEXTER
PEN,DIXMONT
PEN,"DREW PLT."
PEN,"EAST MILLINOCKET"
PEN,EDDINGTON
PEN,EDINBURG
PEN,ENFIELD
PEN,ETNA
PEN,EXETER
PEN,GARLAND
PEN,GLENBURN
PEN,GREENBUSH
PEN,HAMPDEN
PEN,HERMON
PEN,HOLDEN
PEN,HOWLAND
PEN,HUDSON
PEN,"INDIAN PURCHASE T3&T4TWP"
PEN,KENDUSKEAG
PEN,"KINGMAN TWP."
PEN,LAGRANGE
PEN,LAKEVILLE
PEN,LEE
PEN,LEVANT
PEN,LINCOLN
PEN,LOWELL
PEN,MATTAWAMKEAG
PEN,MAXFIELD
PEN,MEDWAY
PEN,MILFORD
PEN,MILFORD
PEN,MILLINOCKET
PEN,"MOUNT CHASE"
PEN,NEWBURGH
PEN,NEWPORT
PEN,"OLD TOWN"
PEN,ORONO
PEN,ORRINGTON
PEN,PASSADUMKEAG
PEN,PATTEN
PEN,"PENOBSCOT NATION VOT DST"
PEN,PLYMOUTH
PEN,"PRENTISS TWP"
PEN,"SEBOEIS PLT."
PEN,SPRINGFIELD
PEN,STACYVILLE
PEN,STETSON
PEN,VEAZIE
PEN,"WEBSTER PLT."
PEN,WINN
PEN,WOODVILLE
PIS,ABBOT
PIS,ATKINSON
PIS,"BEAVER COVE"
PIS,BOWERBANK
PIS,BROWNVILLE
PIS,DOVER-FOXCROFT
PIS,"GREENVILLE TWPS"
PIS,GREENVILLE
PIS,GUILFORD
PIS,"KINGSBURY PLT."
PIS,"LAKE VIEW PLT."
PIS,MEDFORD
PIS,MILO
PIS,MONSON
PIS,PARKMAN
PIS,SANGERVILLE
PIS,SEBEC
PIS,SHIRLEY
PIS,"T1-R9 TWP"
PIS,WELLINGTON
PIS,WILLIMANTIC
SOM,ANSON
SOM,ATHENS
SOM,BINGHAM
SOM,"BRIGHTON PLT."
SOM,CAMBRIDGE
SOM,CANAAN
SOM,CARATUNK
SOM,CORNVILLE
SOM,"DENNISTOWN PLT."
SOM,DETROIT
SOM,EMBDEN
SOM,FAIRFIELD
SOM,HARMONY
SOM,HARTLAND
SOM,"HIGHLAND PLT."
SOM,JACKMAN
SOM,MADISON
SOM,MERCER
SOM,"MOOSE RIVER"
SOM,MOSCOW
SOM,"NEW PORTLAND"
SOM,NORRIDGEWOCK
SOM,PALMYRA
SOM,PITTSFIELD
SOM,"PLEASANT RIDGE PLT."
SOM,RIPLEY
SOM,"ROCKWOOD TWP."
SOM,SKOWHEGAN
SOM,SMITHFIELD
SOM,SOLON
SOM,"ST. ALBANS"
SOM,STARKS
SOM,"THE FORKS PLT."
SOM,"WEST FORKS PLT."
WAL,BELFAST
WAL,BELMONT
WAL,BROOKS
WAL,BURNHAM
WAL,FRANKFORT
WAL,FREEDOM
WAL,ISLESBORO
WAL,JACKSON
WAL,KNOX
WAL,LIBERTY
WAL,LINCOLNVILLE
WAL,MONROE
WAL,MONTVILLE
WAL,MORRILL
WAL,NORTHPORT
WAL,PALERMO
WAL,PROSPECT
WAL,SEARSMONT
WAL,SEARSPORT
WAL,"STOCKTON SPRINGS"
WAL,SWANVILLE
WAL,THORNDIKE
WAL,TROY
WAL,UNITY
WAL,WALDO
WAL,WINTERPORT
WAS,ADDISON
WAS,ALEXANDER
WAS,BAILEYVILLE
WAS,"BARING"
WAS,BEALS
WAS,BEDDINGTON
WAS,"BROOKTON TWP."
WAS,CALAIS
WAS,"CENTERVILLE"
WAS,CHARLOTTE
WAS,CHERRYFIELD
WAS,"CODYVILLE PLT."
WAS,"COLUMBIA FALLS"
WAS,COLUMBIA
WAS,COOPER
WAS,CRAWFORD
WAS,CUTLER
WAS,DANFORTH
WAS,DEBLOIS
WAS,DENNYSVILLE
WAS,"EAST MACHIAS"
WAS,EASTPORT
WAS,"EDMUNDS TWP."
WAS,"GRAND LAKE STREAM PLT"
WAS,HARRINGTON
WAS,"INDIAN TOWNSHIP VTNG DST"
WAS,JONESBORO
WAS,JONESPORT
WAS,LUBEC
WAS,MACHIAS
WAS,MACHIASPORT
WAS,MARSHFIELD
WAS,MEDDYBEMPS
WAS,MILBRIDGE
WAS,"TOWNSHIP 14"
WAS,"TOWNSHIP 21"
WAS,"TOWNSHIP 27"
WAS,NORTHFIELD
WAS,PEMBROKE
WAS,PERRY
WAS,"PLEASANT POINT VOTNG DST"
WAS,PRINCETON
WAS,ROBBINSTON
WAS,"ROQUE BLUFFS"
WAS,STEUBEN
WAS,TALMADGE
WAS,TOPSFIELD
WAS,VANCEBORO
WAS,WAITE
WAS,WESLEY
WAS,WHITING
WAS,WHITNEYVILLE
